{ "H2": {"H0": 109019.2869, "Hsol/R": 622, "MW":  2.016},
  "C1": {"H0": 6009.797611, "Hsol/R": -14, "MW":  16.04},
  "C2": {"H0": 2478.83417, "Hsol/R": -609, "MW":  30.07},
  "C2H4": {"H0": 2260, "Hsol/R": -661, "MW":  28.05},
  "C3": {"H0": 950.4375513, "Hsol/R": -1091, "MW":  44.09},
  "C4": {"H0": 489, "Hsol/R": -1819, "MW":  58.12},
  "i-C4": {"H0": 626.8092598, "Hsol/R": -1631, "MW":  58.12},
  "C5": {"H0": 376.6074988, "Hsol/R": -2211, "MW":  72.15},
  "C6": {"H0": 176, "Hsol/R": -2804, "MW":  86.17},
  "C7": {"H0": 116.0282428, "Hsol/R": -3279, "MW":  100.20},
  "C8": {"H0": 72.7, "Hsol/R": -3724, "MW":  114.22}}